date,committed,type
2026-09-09,True,auto
2026-09-10,True,auto
2026-09-11,True,auto
2026-09-12,True,auto
2026-09-13,True,auto
2026-09-14,True,auto
2026-09-15,True,auto
2026-09-16,True,auto
2026-09-17,True,auto
2026-09-18,True,auto
2026-09-19,True,auto
2026-09-20,True,auto
2026-09-21,True,auto
2026-09-22,True,auto
2026-09-23,True,auto
2026-09-24,True,auto
2026-09-25,True,auto
2026-09-26,True,auto
2026-09-27,True,auto
2026-09-28,True,auto
2026-09-29,True,auto
2026-09-30,True,auto
2026-10-01,True,auto
2026-10-02,True,auto
2026-10-03,True,auto
2026-10-04,True,auto
2026-10-05,True,auto
2026-10-06,True,auto
2026-10-07,True,auto
2026-10-08,True,auto
